rva	demangled	mangled	source	method
001081	RZGetCOMDllDirector_GZSoundD(void)	RZGetCOMDllDirector_GZSoundD__Fv	libGZSoundD.so	caller
0010c4	cGZSoundDllCOMDirector::GetDirectorID(void) const	GetDirectorID__C22cGZSoundDllCOMDirector	libGZSoundD.so	tokens:6.6
0010ca	cGZSoundDllCOMDirector::OnStart(cIGZCOM *)	OnStart__22cGZSoundDllCOMDirectorP7cIGZCOM	libGZSoundD.so	vtable:__vt_22cGZSoundDllCOMDirector
00110c	cGZSoundDllCOMDirector::~cGZSoundDllCOMDirector(void)	_._22cGZSoundDllCOMDirector	libGZSoundD.so	vtable:__vt_22cGZSoundDllCOMDirector
001137	virtual function thunk (delta:-4) for cRZCOMDllDirector::QueryInterface(unsigned int, void **)	__thunk_4_QueryInterface__17cRZCOMDllDirectorUiPPv	libGZSoundD.so	caller
00124c	cRZCOMDllDirector::QueryInterface(unsigned int, void **)	QueryInterface__17cRZCOMDllDirectorUiPPv	libGZSoundD.so	tokens:13.2
00128d	cRZCOMDllDirector::FrameWork(void)	FrameWork__17cRZCOMDllDirector	libGZSoundD.so	vtable:__vt_22cGZSoundDllCOMDirector
00129d	cRZCOMDllDirector::RemoveRef(void)	RemoveRef__17cRZCOMDllDirector	libGZSoundD.so	vtable:__vt_22cGZSoundDllCOMDirector
0012ac	cRZCOMDllDirector::RefCount(void)	RefCount__17cRZCOMDllDirector	libGZSoundD.so	vtable:__vt_22cGZSoundDllCOMDirector
0012b0	cRZCOMDllDirector::InitializeCOM(cIGZCOM *, cIGZString &)	InitializeCOM__17cRZCOMDllDirectorP7cIGZCOMR10cIGZString	libGZSoundD.so	vtable:__vt_22cGZSoundDllCOMDirector
00137e	cRZCOMDllDirector::GetClassObject(unsigned int, unsigned int, void **)	GetClassObject__17cRZCOMDllDirectorUiUiPPv	libGZSoundD.so	vtable:__vt_22cGZSoundDllCOMDirector
0013ff	cRZCOMDllDirector::EnumClassObjects(void (*)(unsigned int, unsigned int, void *), void *)	EnumClassObjects__17cRZCOMDllDirectorPFUiUiPv_vPv	libGZSoundD.so	vtable:__vt_22cGZSoundDllCOMDirector
001453	cRZCOMDllDirector::ModuleName(cIGZString &)	ModuleName__17cRZCOMDllDirectorR10cIGZString	libGZSoundD.so	vtable:__vt_22cGZSoundDllCOMDirector
001467	cRZCOMDllDirector::AddDirector(cRZCOMDllDirector *)	AddDirector__17cRZCOMDllDirectorP17cRZCOMDllDirector	libGZSoundD.so	vtable:__vt_22cGZSoundDllCOMDirector
0014b1	cRZCOMDllDirector::CanUnloadNow(void)	CanUnloadNow__17cRZCOMDllDirector	libGZSoundD.so	vtable:__vt_22cGZSoundDllCOMDirector
001508	cRZCOMDllDirector::AppRegister(cIGZRegistry *)	AppRegister__17cRZCOMDllDirectorP12cIGZRegistry	libGZSoundD.so	vtable:__vt_22cGZSoundDllCOMDirector
001538	cRZCOMDllDirector::GZCOM(void)	GZCOM__17cRZCOMDllDirector	libGZSoundD.so	vtable:__vt_22cGZSoundDllCOMDirector
001599	cRZCOMDllDirector::OnStart(cIGZCOM *)	OnStart__17cRZCOMDllDirectorP7cIGZCOM	libGZSoundD.so	tokens:13.2
0029ea	__pure_virtual	__pure_virtual	libGZSoundD.so	vtable:__vt_17cRZCOMDllDirector
002be1	cRZCOMDllDirector::OnUnload(void)	OnUnload__17cRZCOMDllDirector	libGZSoundD.so	vtable:__vt_22cGZSoundDllCOMDirector
